Run,Assay Type,AvgSpotLen,Bases,BioProject,BioSample,Bytes,Center Name,Consent,DATASTORE filetype,DATASTORE provider,DATASTORE region,Experiment,Instrument,LibraryLayout,LibrarySelection,LibrarySource,Organism,Platform,ReleaseDate,Sample Name,sample_id,sex,SRA Study,tissue,AGE,BIOMATERIAL_PROVIDER,BioSampleModel,fasta_file (run),Isolate,Library Name,Replication,GEO_Accession (exp),source_name,Developmental_Stage,Cell_Line
SRR9693313,RNA-Seq,300,42125688600,PRJNA554845,SAMN12284775,18044435841,GEO,public,"bam,sra","gs,ncbi,s3","ncbi.public,gs.US,s3.us-east-1",SRX6451587,Illumina HiSeq X Ten,PAIRED,cDNA,TRANSCRIPTOMIC,Homo sapiens,ILLUMINA,2020-02-20T00:00:00Z,GSM3943046,adult-adipose-1,male,SRP214806,Adipose,36-year-old,,,,,,,GSM3943046,Microwell-seq analysis,,
SRR9887725,RNA-Seq,302,42889860008,PRJNA554845,SAMN12429891,20902849618,ZHEJIANG UNIVERSITY,public,"bam,sra","ncbi,s3,gs","ncbi.public,s3.us-east-1,gs.US",SRX6640138,Illumina HiSeq X Ten,PAIRED,cDNA,TRANSCRIPTOMIC,Homo sapiens,ILLUMINA,2020-04-15T00:00:00Z,Fetal-Adrenal-Gland2,fetal-adrenal-gland-2,male,SRP214806,Adrenal-Gland,12-week-old,Guoji Guo lab,Human,Human.fasta,Abortion,20180529Adrenal-Gland,sample1,,,,
SRR9887724,RNA-Seq,300,22430545200,PRJNA554845,SAMN12429892,10225981699,ZHEJIANG UNIVERSITY,public,"sra,bam","s3,gs,ncbi","ncbi.public,gs.US,s3.us-east-1",SRX6640139,Illumina HiSeq X Ten,PAIRED,cDNA,TRANSCRIPTOMIC,Homo sapiens,ILLUMINA,2020-04-15T00:00:00Z,Fetal-Adrenal-Gland3,fetal-adrenal-gland-3,male,SRP214806,Adrenal-Gland,14-week-old,Guoji Guo lab,Human,Human.fasta,Abortion,20190524Adrenal-Gland3,sample2,,,,
SRR9887717,RNA-Seq,300,20458650600,PRJNA554845,SAMN12429893,9565384234,ZHEJIANG UNIVERSITY,public,"sra,bam","s3,gs,ncbi","ncbi.public,s3.us-east-1,gs.US",SRX6640146,Illumina HiSeq X Ten,PAIRED,cDNA,TRANSCRIPTOMIC,Homo sapiens,ILLUMINA,2020-04-15T00:00:00Z,Fetal-Adrenal-Gland4,fetal-adrenal-gland-4,male,SRP214806,Adrenal-Gland,12-week-old,Guoji Guo lab,Human,Human.fasta,Abortion,20190524Adrenal-Gland4,sample3,,,,
SRR9693314,RNA-Seq,300,64041542400,PRJNA554845,SAMN12284774,29429104235,GEO,public,"sra,bam","gs,ncbi,s3","s3.us-east-1,ncbi.public,gs.US",SRX6451588,Illumina HiSeq X Ten,PAIRED,cDNA,TRANSCRIPTOMIC,Homo sapiens,ILLUMINA,2020-02-20T00:00:00Z,GSM3943047,adult-adrenal-gland-1,male,SRP214806,Adrenal-Gland,36-year-old,,,,,,,GSM3943047,Microwell-seq analysis,,
SRR9843408,RNA-Seq,300,26005616400,PRJNA554845,SAMN12371071,12384183948,GEO,public,"bam,sra","gs,ncbi,s3","gs.US,ncbi.public,s3.us-east-1",SRX6598089,Illumina HiSeq X Ten,PAIRED,cDNA,TRANSCRIPTOMIC,Homo sapiens,ILLUMINA,2020-02-20T00:00:00Z,GSM3980123,adult-adrenal-gland-2,female,SRP214806,Adrenal-Gland,23-year-old,,,,,,,GSM3980123,Microwell-seq analysis,,
SRR9887746,RNA-Seq,300,17111840100,PRJNA554845,SAMN12429936,7970195849,ZHEJIANG UNIVERSITY,public,"bam,sra","s3,ncbi,gs","gs.US,s3.us-east-1,ncbi.public",SRX6640118,Illumina HiSeq X Ten,PAIRED,cDNA,TRANSCRIPTOMIC,Homo sapiens,ILLUMINA,2020-04-15T00:00:00Z,Neonatal-Adrenal-Gland1-1,neonatal-adrenal-gland-1.1,female,SRP214806,Adrenal-Gland,6-day,Guoji Guo lab,Human,Human.fasta,Abortion,20190425Adrenal-Gland1-1,biological replicate 1,,,,
SRR9887747,RNA-Seq,300,14856471300,PRJNA554845,SAMN12429937,6933046510,ZHEJIANG UNIVERSITY,public,"sra,bam","gs,ncbi,s3","gs.US,ncbi.public,s3.us-east-1",SRX6640117,Illumina HiSeq X Ten,PAIRED,cDNA,TRANSCRIPTOMIC,Homo sapiens,ILLUMINA,2020-04-15T00:00:00Z,Neonatal-Adrenal-Gland1-2,neonatal-adrenal-gland-1.2,female,SRP214806,Adrenal-Gland,6-day,Guoji Guo lab,Human,Human.fasta,DCD,20190425Adrenal-Gland1-2,biological replicate 2,,,,
SRR9843409,RNA-Seq,302,74217316004,PRJNA554845,SAMN12371070,35309253742,GEO,public,"bam,sra","s3,gs,ncbi","gs.US,s3.us-east-1,ncbi.public",SRX6598090,Illumina HiSeq X Ten,PAIRED,cDNA,TRANSCRIPTOMIC,Homo sapiens,ILLUMINA,2020-02-20T00:00:00Z,GSM3980124,adult-artery-1,male,SRP214806,Artery,46-year-old,,,,,,,GSM3980124,Microwell-seq analysis,,
SRR9843411,RNA-Seq,300,50748609900,PRJNA554845,SAMN12371068,22505759284,GEO,public,"bam,sra","s3,ncbi,gs","s3.us-east-1,gs.US,ncbi.public",SRX6598092,Illumina HiSeq X Ten,PAIRED,cDNA,TRANSCRIPTOMIC,Homo sapiens,ILLUMINA,2020-02-20T00:00:00Z,GSM3980126,adult-bladder-1,male,SRP214806,Bladder,52-year-old,,,,,,,GSM3980126,Microwell-seq analysis,,
SRR9843412,RNA-Seq,300,44079441300,PRJNA554845,SAMN12371067,20442011666,GEO,public,"sra,bam","gs,ncbi,s3","ncbi.public,gs.US,s3.us-east-1",SRX6598093,Illumina HiSeq X Ten,PAIRED,cDNA,TRANSCRIPTOMIC,Homo sapiens,ILLUMINA,2020-02-20T00:00:00Z,GSM3980127,adult-bladder-2,female,SRP214806,Bladder,32-year-old,,,,,,,GSM3980127,Microwell-seq analysis,,
SRR9693312,RNA-Seq,302,11949423958,PRJNA554845,SAMN12284776,5698432270,GEO,public,"sra,bam","s3,gs,ncbi","s3.us-east-1,ncbi.public,gs.US",SRX6451586,Illumina HiSeq X Ten,PAIRED,cDNA,TRANSCRIPTOMIC,Homo sapiens,ILLUMINA,2020-02-20T00:00:00Z,GSM3943045,adult-bone-marrow-1,female,SRP214806,Bone Marrow,60-year-old,,,,,,,GSM3943045,Microwell-seq analysis,,
SRR9843413,RNA-Seq,302,20407357060,PRJNA554845,SAMN12371066,9515762093,GEO,public,"sra,bam","gs,s3,ncbi","gs.US,ncbi.public,s3.us-east-1",SRX6598094,Illumina HiSeq X Ten,PAIRED,cDNA,TRANSCRIPTOMIC,Homo sapiens,ILLUMINA,2020-02-20T00:00:00Z,GSM3980128,adult-bone-marrow-2,female,SRP214806,Bone-Marrow,49-year-old,,,,,,,GSM3980128,Microwell-seq analysis,,
SRR9887728,RNA-Seq,301,56043732766,PRJNA554845,SAMN12429872,27354476542,ZHEJIANG UNIVERSITY,public,"sra,bam","gs,ncbi,s3","gs.US,ncbi.public,s3.us-east-1",SRX6640135,Illumina HiSeq X Ten,PAIRED,cDNA,TRANSCRIPTOMIC,Homo sapiens,ILLUMINA,2020-04-15T00:00:00Z,Adult-Temporal-Lobe1-1,adult-temporal-lobe-1.1,female,SRP214806,Brain,61-year-old,Guoji Guo lab,Human,Human.fasta,Living donor,20190102Brain-1,biological replicate 1,,,,
SRR9887727,RNA-Seq,301,29545743998,PRJNA554845,SAMN12429873,14359350722,ZHEJIANG UNIVERSITY,public,"bam,sra","s3,ncbi,gs","s3.us-east-1,gs.US,ncbi.public",SRX6640136,Illumina HiSeq X Ten,PAIRED,cDNA,TRANSCRIPTOMIC,Homo sapiens,ILLUMINA,2020-04-15T00:00:00Z,Adult-Temporal-Lobe1-2,adult-temporal-lobe-1.2,female,SRP214806,Brain,62-year-old,Guoji Guo lab,Human,Human.fasta,Living donor,20190102Brain-2,biological replicate 2,,,,
SRR9887726,RNA-Seq,301,27016803529,PRJNA554845,SAMN12429874,13424460834,ZHEJIANG UNIVERSITY,public,"sra,bam","s3,ncbi,gs","s3.us-east-1,gs.US,ncbi.public",SRX6640137,Illumina HiSeq X Ten,PAIRED,cDNA,TRANSCRIPTOMIC,Homo sapiens,ILLUMINA,2020-04-15T00:00:00Z,Adult-Temporal-Lobe1-3,adult-temporal-lobe-1.3,female,SRP214806,Brain,63-year-old,Guoji Guo lab,Human,Human.fasta,Living donor,20190102Brain-3,biological replicate 3,,,,
SRR9887716,RNA-Seq,302,61837323700,PRJNA554845,SAMN12429894,28395359930,ZHEJIANG UNIVERSITY,public,"sra,bam","ncbi,s3,gs","s3.us-east-1,ncbi.public,gs.US",SRX6640147,Illumina HiSeq X Ten,PAIRED,cDNA,TRANSCRIPTOMIC,Homo sapiens,ILLUMINA,2020-04-15T00:00:00Z,Fetal-Brain3,fetal-brain-3,male,SRP214806,Brain,13-week-old,Guoji Guo lab,Human,Human.fasta,Abortion,20180622Brain,,,,,
SRR9887712,RNA-Seq,300,27330807300,PRJNA554845,SAMN12429895,12787512077,ZHEJIANG UNIVERSITY,public,"sra,bam","ncbi,gs,s3","ncbi.public,gs.US,s3.us-east-1",SRX6640151,Illumina HiSeq X Ten,PAIRED,cDNA,TRANSCRIPTOMIC,Homo sapiens,ILLUMINA,2020-04-15T00:00:00Z,Fetal-Brain4,fetal-brain-4,female,SRP214806,Brain,11-week-old,Guoji Guo lab,Human,Human.fasta,Abortion,20180706Brain,sample1,,,,
SRR9887713,RNA-Seq,302,55815593190,PRJNA554845,SAMN12429896,26196417595,ZHEJIANG UNIVERSITY,public,"sra,bam","gs,s3,ncbi","s3.us-east-1,ncbi.public,gs.US",SRX6640150,Illumina HiSeq X Ten,PAIRED,cDNA,TRANSCRIPTOMIC,Homo sapiens,ILLUMINA,2020-04-15T00:00:00Z,Fetal-Brain5,fetal-brain-5,female,SRP214806,Brain,12-week-old,Guoji Guo lab,Human,Human.fasta,Abortion,20180724Brain,,,,,
SRR9887714,RNA-Seq,302,36597513640,PRJNA554845,SAMN12429897,17416533831,ZHEJIANG UNIVERSITY,public,"bam,sra","gs,ncbi,s3","gs.US,s3.us-east-1,ncbi.public",SRX6640149,Illumina HiSeq X Ten,PAIRED,cDNA,TRANSCRIPTOMIC,Homo sapiens,ILLUMINA,2020-04-15T00:00:00Z,Fetal-Brain6,fetal-brain-6,female,SRP214806,Brain,11-week-old,Guoji Guo lab,Human,Human.fasta,Abortion,20190531Brain6,sample2,,,,
SRR9843414,RNA-Seq,301,53591717668,PRJNA554845,SAMN12371065,26865573476,GEO,public,"sra,bam","s3,gs,ncbi","gs.US,ncbi.public,s3.us-east-1",SRX6598095,Illumina HiSeq X Ten,PAIRED,cDNA,TRANSCRIPTOMIC,Homo sapiens,ILLUMINA,2020-02-20T00:00:00Z,GSM3980129,adult-brain-1,female,SRP214806,Brain,55-year-old,,,,,,,GSM3980129,Microwell-seq analysis,,
SRR9887715,RNA-Seq,302,49289800822,PRJNA554845,SAMN12429898,23485425241,ZHEJIANG UNIVERSITY,public,"sra,bam","ncbi,s3,gs","gs.US,s3.us-east-1,ncbi.public",SRX6640148,Illumina HiSeq X Ten,PAIRED,cDNA,TRANSCRIPTOMIC,Homo sapiens,ILLUMINA,2020-04-15T00:00:00Z,Fetal-Calvaria1,fetal-calvaria-1,female,SRP214806,Calvaria,12-week-old,Guoji Guo lab,Human,Human.fasta,Abortion,20180724Calvaria,,,,,
SRR9843415,RNA-Seq,302,41192733258,PRJNA554845,SAMN12371063,19403067270,GEO,public,"sra,bam","s3,ncbi,gs","ncbi.public,s3.us-east-1,gs.US",SRX6598096,Illumina HiSeq X Ten,PAIRED,cDNA,TRANSCRIPTOMIC,Homo sapiens,ILLUMINA,2020-02-20T00:00:00Z,GSM3980130,adult-cervix-1,female,SRP214806,Cervix,52-year-old,,,,,,,GSM3980130,Microwell-seq analysis,,
SRR9887675,RNA-Seq,300,75970871700,PRJNA554845,SAMN12429883,35778063557,ZHEJIANG UNIVERSITY,public,"bam,sra","s3,gs,ncbi","gs.US,ncbi.public,s3.us-east-1",SRX6640188,Illumina HiSeq X Ten,PAIRED,cDNA,TRANSCRIPTOMIC,Homo sapiens,ILLUMINA,2020-04-15T00:00:00Z,Chorionic-Villus1,chorionic-villus-1,male,SRP214806,Chorionic-Villus,13-week-old,Guoji Guo lab,Human,Human.fasta,Abortion,20180410Chorionic-Villus,,,,,
SRR9887723,RNA-Seq,300,35774378100,PRJNA554845,SAMN12429889,15712396291,ZHEJIANG UNIVERSITY,public,"bam,sra","s3,ncbi,gs","gs.US,ncbi.public,s3.us-east-1",SRX6640140,Illumina HiSeq X Ten,PAIRED,cDNA,TRANSCRIPTOMIC,Homo sapiens,ILLUMINA,2020-04-15T00:00:00Z,Cord-Blood-CD34P1,cord-blood-cd34p-1,Not determined,SRP214806,Cord-Blood,None,number201724506,Human,Human.fasta,CD34+ Cord-Blood,20180419Cord-BloodCD34P1,,,,,
SRR9887676,RNA-Seq,300,25515906900,PRJNA554845,SAMN12429884,11302759580,ZHEJIANG UNIVERSITY,public,"bam,sra","s3,ncbi,gs","gs.US,ncbi.public,s3.us-east-1",SRX6640187,Illumina HiSeq X Ten,PAIRED,cDNA,TRANSCRIPTOMIC,Homo sapiens,ILLUMINA,2020-04-15T00:00:00Z,Cord-Blood1,cord-blood-1,Not determined,SRP214806,Cord-Blood,None,number201724506,Human,Human.fasta,Cord-Blood,20180419Cord-Blood,,,,,
SRR9887719,RNA-Seq,300,22004250000,PRJNA554845,SAMN12429885,10513941806,ZHEJIANG UNIVERSITY,public,"sra,bam","s3,ncbi,gs","gs.US,ncbi.public,s3.us-east-1",SRX6640144,Illumina HiSeq X Ten,PAIRED,cDNA,TRANSCRIPTOMIC,Homo sapiens,ILLUMINA,2020-04-15T00:00:00Z,Cord-Blood2-1,cord-blood-2.1,Not determined,SRP214806,Cord-Blood,None,Guoji Guo lab,Human,Human.fasta,Cord-Blood,20190507Cord-Blood2-1,biological replicate 1,,,,
SRR9887718,RNA-Seq,300,33866478300,PRJNA554845,SAMN12429886,16173528860,ZHEJIANG UNIVERSITY,public,"bam,sra","ncbi,gs,s3","gs.US,ncbi.public,s3.us-east-1",SRX6640145,Illumina HiSeq X Ten,PAIRED,cDNA,TRANSCRIPTOMIC,Homo sapiens,ILLUMINA,2020-04-15T00:00:00Z,Cord-Blood2-2,cord-blood-2.2,Not determined,SRP214806,Cord-Blood,None,Guoji Guo lab,Human,Human.fasta,Cord-Blood,20190507Cord-Blood2-2,biological replicate 2,,,,
SRR9887721,RNA-Seq,300,29381061900,PRJNA554845,SAMN12429887,13745334460,ZHEJIANG UNIVERSITY,public,"sra,bam","ncbi,s3,gs","ncbi.public,gs.US,s3.us-east-1",SRX6640142,Illumina HiSeq X Ten,PAIRED,cDNA,TRANSCRIPTOMIC,Homo sapiens,ILLUMINA,2020-04-15T00:00:00Z,Cord-Blood2-CD34P2-1,cord-blood-cd34p-2.1,Not determined,SRP214806,Cord-Blood,None,Guoji Guo lab,Human,Human.fasta,CD34+ Cord-Blood,20190507Cord-Blood2-CD34P2-1,biological replicate 1,,,,
SRR9887720,RNA-Seq,300,24443032800,PRJNA554845,SAMN12429888,11341678751,ZHEJIANG UNIVERSITY,public,"bam,sra","ncbi,gs,s3","s3.us-east-1,gs.US,ncbi.public",SRX6640143,Illumina HiSeq X Ten,PAIRED,cDNA,TRANSCRIPTOMIC,Homo sapiens,ILLUMINA,2020-04-15T00:00:00Z,Cord-Blood2-CD34P2-2,cord-blood-cd34p-2.2,Not determined,SRP214806,Cord-Blood,None,Guoji Guo lab,Human,Human.fasta,CD34+ Cord-Blood,20190507Cord-Blood2-CD34P2-2,biological replicate 2,,,,
SRR9887744,RNA-Seq,302,26237780536,PRJNA554845,SAMN12429933,12216012921,ZHEJIANG UNIVERSITY,public,"bam,sra","s3,ncbi,gs","ncbi.public,gs.US,s3.us-east-1",SRX6640120,Illumina HiSeq X Ten,PAIRED,cDNA,TRANSCRIPTOMIC,Homo sapiens,ILLUMINA,2020-04-15T00:00:00Z,iPS-to-EB_18Day,ips-to-eb-18day-1,Not determined,SRP214806,Cultured-Cell-from-iPS,None,Guoji Guo lab,Human,Human.fasta,Day18 Embryoid body derived from hiPSCs,201807Cultured-18Day-Cell-from-iPS,,,,,Cultured-Cell-from-iPS
SRR9887742,RNA-Seq,302,16528642710,PRJNA554845,SAMN12429934,7553068816,ZHEJIANG UNIVERSITY,public,"bam,sra","ncbi,s3,gs","gs.US,s3.us-east-1,ncbi.public",SRX6640122,Illumina HiSeq X Ten,PAIRED,cDNA,TRANSCRIPTOMIC,Homo sapiens,ILLUMINA,2020-04-15T00:00:00Z,iPS-to-EB_20Day,ips-to-eb-20day-1,Not determined,SRP214806,Cultured-Cell-from-iPS,None,Guoji Guo lab,Human,Human.fasta,Day20 Embryoid body derived from hiPSCs,201807Cultured-20Day-Cell-from-iPS,,,,,Cultured-Cell-from-iPS
SRR9887745,RNA-Seq,302,43537104294,PRJNA554845,SAMN12429935,20365092150,ZHEJIANG UNIVERSITY,public,"sra,bam","s3,gs,ncbi","s3.us-east-1,ncbi.public,gs.US",SRX6640119,Illumina HiSeq X Ten,PAIRED,cDNA,TRANSCRIPTOMIC,Homo sapiens,ILLUMINA,2020-04-15T00:00:00Z,iPS-to-EB_9Day,ips-to-eb-9day-1,Not determined,SRP214806,Cultured-Cell-from-iPS,None,Guoji Guo lab,Human,Human.fasta,Day9 Embryoid body derived from hiPSCs,201807Cultured-9Day-Cell-from-iPS,,,,,Cultured-Cell-from-iPS
SRR9887743,RNA-Seq,302,26565474998,PRJNA554845,SAMN12429939,13556492319,ZHEJIANG UNIVERSITY,public,"sra,bam","s3,gs,ncbi","s3.us-east-1,ncbi.public,gs.US",SRX6640121,Illumina HiSeq X Ten,PAIRED,cDNA,TRANSCRIPTOMIC,Homo sapiens,ILLUMINA,2020-04-15T00:00:00Z,PSC-to-Pancreatic-Islet-Cell,psc-to-pancreatic-islet-cell-1,Not determined,SRP214806,Cultured-Cell-from-PSC,None,Saiyong Zhu lab,Human,Human.fasta,Pancreatic islet cells derived from hPSCs,20170324Cultured-Cell-from-PSC,,,,,Cultured-Cell-from-PSC
SRR9843418,RNA-Seq,300,21676514400,PRJNA554845,SAMN12371059,9767960623,GEO,public,"bam,sra","gs,ncbi,s3","s3.us-east-1,ncbi.public,gs.US",SRX6598099,Illumina HiSeq X Ten,PAIRED,cDNA,TRANSCRIPTOMIC,Homo sapiens,ILLUMINA,2020-02-20T00:00:00Z,GSM3980133,adult-esophagus-1,male,SRP214806,Esophagus,45-year-old,,,,,,,GSM3980133,Microwell-seq analysis,,
SRR9887708,RNA-Seq,302,32281386114,PRJNA554845,SAMN12429899,15343806208,ZHEJIANG UNIVERSITY,public,"bam,sra","s3,ncbi,gs","gs.US,s3.us-east-1,ncbi.public",SRX6640155,Illumina HiSeq X Ten,PAIRED,cDNA,TRANSCRIPTOMIC,Homo sapiens,ILLUMINA,2020-04-15T00:00:00Z,Fetal-Eyes1,fetal-eyes-1,female,SRP214806,Eyes,11-week-old,Guoji Guo lab,Human,Human.fasta,Abortion,20190531Eyes1,,,,,
SRR9843420,RNA-Seq,302,32161708044,PRJNA554845,SAMN12371057,15475001686,GEO,public,"sra,bam","ncbi,gs,s3","gs.US,s3.us-east-1,ncbi.public",SRX6598101,Illumina HiSeq X Ten,PAIRED,cDNA,TRANSCRIPTOMIC,Homo sapiens,ILLUMINA,2020-02-20T00:00:00Z,GSM3980135,adult-fallopian-tube-1,female,SRP214806,Fallopian-Tube,52-year-old,,,,,,,GSM3980135,Microwell-seq analysis,,
SRR9887709,RNA-Seq,302,26861008574,PRJNA554845,SAMN12429900,12392685568,ZHEJIANG UNIVERSITY,public,"bam,sra","gs,ncbi,s3","ncbi.public,s3.us-east-1,gs.US",SRX6640154,Illumina HiSeq X Ten,PAIRED,cDNA,TRANSCRIPTOMIC,Homo sapiens,ILLUMINA,2020-04-15T00:00:00Z,Fetal-Female-Gonad1,fetal-female-gonad-1,female,SRP214806,Fetal-Gonad,26-week-old,Guoji Guo lab,Human,Human.fasta,Abortion,20171029Fetal-Gonad,,,,,
SRR9887710,RNA-Seq,302,29130767490,PRJNA554845,SAMN12429901,13809576015,ZHEJIANG UNIVERSITY,public,"bam,sra","s3,gs,ncbi","s3.us-east-1,ncbi.public,gs.US",SRX6640153,Illumina HiSeq X Ten,PAIRED,cDNA,TRANSCRIPTOMIC,Homo sapiens,ILLUMINA,2020-04-15T00:00:00Z,Fetal-Female-Gonad2,fetal-female-gonad-2,female,SRP214806,Fetal-Gonad,11-week-old,Guoji Guo lab,Human,Human.fasta,Abortion,20190531Female-Gonad2,,,,,
SRR9887702,RNA-Seq,300,19659470400,PRJNA554845,SAMN12429917,9119121569,ZHEJIANG UNIVERSITY,public,"sra,bam","ncbi,gs,s3","s3.us-east-1,gs.US,ncbi.public",SRX6640161,Illumina HiSeq X Ten,PAIRED,cDNA,TRANSCRIPTOMIC,Homo sapiens,ILLUMINA,2020-04-15T00:00:00Z,Fetal-Male-Gonad1,fetal-male-gonad-1,male,SRP214806,Fetal-Gonad,12-week-old,Guoji Guo lab,Human,Human.fasta,Abortion,20170331Fetal-Gonad,,,,,
SRR9887703,RNA-Seq,302,32463400004,PRJNA554845,SAMN12429918,15217879934,ZHEJIANG UNIVERSITY,public,"bam,sra","ncbi,s3,gs","s3.us-east-1,ncbi.public,gs.US",SRX6640160,Illumina HiSeq X Ten,PAIRED,cDNA,TRANSCRIPTOMIC,Homo sapiens,ILLUMINA,2020-04-15T00:00:00Z,Fetal-Male-Gonad2,fetal-male-gonad-2,male,SRP214806,Fetal-Gonad,11-week-old,Guoji Guo lab,Human,Human.fasta,Abortion,20180706Fetal-Gonad,,,,,
SRR9843421,RNA-Seq,300,18272687400,PRJNA554845,SAMN12371055,8651605694,GEO,public,"bam,sra","ncbi,s3,gs","ncbi.public,s3.us-east-1,gs.US",SRX6598102,Illumina HiSeq X Ten,PAIRED,cDNA,TRANSCRIPTOMIC,Homo sapiens,ILLUMINA,2020-02-20T00:00:00Z,GSM3980136,adult-gall-bladder-1,male,SRP214806,Gall-Bladder,58-year-old,,,,,,,GSM3980136,Microwell-seq analysis,,
SRR9843422,RNA-Seq,300,25256397300,PRJNA554845,SAMN12371054,11259270739,GEO,public,"bam,sra","ncbi,s3,gs","gs.US,s3.us-east-1,ncbi.public",SRX6598103,Illumina HiSeq X Ten,PAIRED,cDNA,TRANSCRIPTOMIC,Homo sapiens,ILLUMINA,2020-02-20T00:00:00Z,GSM3980137,adult-gall-bladder-2,male,SRP214806,Gall-Bladder,45-year-old,,,,,,,GSM3980137,Microwell-seq analysis,,
SRR9887722,RNA-Seq,302,31741065230,PRJNA554845,SAMN12429890,15605691043,ZHEJIANG UNIVERSITY,public,"bam,sra","s3,gs,ncbi","gs.US,s3.us-east-1,ncbi.public",SRX6640141,Illumina HiSeq X Ten,PAIRED,cDNA,TRANSCRIPTOMIC,Homo sapiens,ILLUMINA,2020-04-15T00:00:00Z,Embryonic-Stem-Cell,embryonic-stem-cell-1,female,SRP214806,H9,None,Guoji Guo lab,Human,Human.fasta,H9,20161218ES,,,,,H9
SRR9887711,RNA-Seq,302,74158014076,PRJNA554845,SAMN12429902,32981451711,ZHEJIANG UNIVERSITY,public,"sra,bam","ncbi,s3,gs","ncbi.public,s3.us-east-1,gs.US",SRX6640152,Illumina HiSeq X Ten,PAIRED,cDNA,TRANSCRIPTOMIC,Homo sapiens,ILLUMINA,2020-04-15T00:00:00Z,Fetal-Heart1,fetal-heart-1,female,SRP214806,Heart,12-week-old,Guoji Guo lab,Human,Human.fasta,Abortion,20180316Heart,,,,,
SRR9887706,RNA-Seq,302,31292662576,PRJNA554845,SAMN12429903,14894387271,ZHEJIANG UNIVERSITY,public,"bam,sra","s3,ncbi,gs","s3.us-east-1,ncbi.public,gs.US",SRX6640157,Illumina HiSeq X Ten,PAIRED,cDNA,TRANSCRIPTOMIC,Homo sapiens,ILLUMINA,2020-04-15T00:00:00Z,Fetal-Heart2,fetal-heart-2,female,SRP214806,Heart,11-week-old,Guoji Guo lab,Human,Human.fasta,Abortion,20190531Heart2,,,,,
SRR9843423,RNA-Seq,300,69078363000,PRJNA554845,SAMN12371053,30614903378,GEO,public,"bam,sra","ncbi,s3,gs","ncbi.public,gs.US,s3.us-east-1",SRX6598104,Illumina HiSeq X Ten,PAIRED,cDNA,TRANSCRIPTOMIC,Homo sapiens,ILLUMINA,2020-02-20T00:00:00Z,GSM3980138,adult-heart-1,male,SRP214806,Heart,52-year-old,,,,,,,GSM3980138,Microwell-seq analysis,,
SRR9843424,RNA-Seq,300,19252286700,PRJNA554845,SAMN12371052,8603972515,GEO,public,"bam,sra","ncbi,s3,gs","s3.us-east-1,gs.US,ncbi.public",SRX6598105,Illumina HiSeq X Ten,PAIRED,cDNA,TRANSCRIPTOMIC,Homo sapiens,ILLUMINA,2020-02-20T00:00:00Z,GSM3980139,adult-heart-2,female,SRP214806,Heart,47-year-old,,,,,,,GSM3980139,Microwell-seq analysis,,
SRR9887685,RNA-Seq,300,37454564700,PRJNA554845,SAMN12429863,16689099952,ZHEJIANG UNIVERSITY,public,"bam,sra","ncbi,s3,gs","ncbi.public,gs.US,s3.us-east-1",SRX6640178,Illumina HiSeq X Ten,PAIRED,cDNA,TRANSCRIPTOMIC,Homo sapiens,ILLUMINA,2020-04-15T00:00:00Z,Adult-Rectum1,adult-rectum-1,female,SRP214806,Intestine,47-year-old,Guoji Guo lab,Human,Human.fasta,cerebral hemorrhage,20180917Intestine-3,tissue1,,,,
SRR9887686,RNA-Seq,300,24083292600,PRJNA554845,SAMN12429864,10600164405,ZHEJIANG UNIVERSITY,public,"sra,bam","ncbi,s3,gs","s3.us-east-1,gs.US,ncbi.public",SRX6640177,Illumina HiSeq X Ten,PAIRED,cDNA,TRANSCRIPTOMIC,Homo sapiens,ILLUMINA,2020-04-15T00:00:00Z,Adult-Sigmoid-Colon1,adult-sigmoid-colon-1,female,SRP214806,Intestine,47-year-old,Guoji Guo lab,Human,Human.fasta,cerebral hemorrhage,20180917Intestine-4,tissue2,,,,
SRR9887678,RNA-Seq,300,71902783800,PRJNA554845,SAMN12429878,33825621262,ZHEJIANG UNIVERSITY,public,"bam,sra","s3,gs,ncbi","s3.us-east-1,ncbi.public,gs.US",SRX6640185,Illumina HiSeq X Ten,PAIRED,cDNA,TRANSCRIPTOMIC,Homo sapiens,ILLUMINA,2020-04-15T00:00:00Z,Adult-Transverse-Colon1,adult-transverse-colon-1,female,SRP214806,Intestine,47-year-old,Guoji Guo lab,Human,Human.fasta,Respiratory failure,20180329Intestine,,,,,
SRR9887683,RNA-Seq,302,28952713424,PRJNA554845,SAMN12429879,13747917683,ZHEJIANG UNIVERSITY,public,"bam,sra","gs,s3,ncbi","gs.US,s3.us-east-1,ncbi.public",SRX6640180,Illumina HiSeq X Ten,PAIRED,cDNA,TRANSCRIPTOMIC,Homo sapiens,ILLUMINA,2020-04-15T00:00:00Z,Adult-Transverse-Colon2-1,adult-transverse-colon-2.1,female,SRP214806,Intestine,None,Guoji Guo lab,Human,Human.fasta,Operation,20190429Transverse-Colon2-1,biological replicate 1,,,,
SRR9887684,RNA-Seq,302,36191580038,PRJNA554845,SAMN12429880,17151632837,ZHEJIANG UNIVERSITY,public,"bam,sra","s3,ncbi,gs","gs.US,s3.us-east-1,ncbi.public",SRX6640179,Illumina HiSeq X Ten,PAIRED,cDNA,TRANSCRIPTOMIC,Homo sapiens,ILLUMINA,2020-04-15T00:00:00Z,Adult-Transverse-Colon2-2,adult-transverse-colon-2.2,female,SRP214806,Intestine,None,Guoji Guo lab,Human,Human.fasta,Operation,20190429Transverse-Colon2-2,biological replicate 2,,,,
SRR9887707,RNA-Seq,300,36702407100,PRJNA554845,SAMN12429904,17342927026,ZHEJIANG UNIVERSITY,public,"sra,bam","gs,ncbi,s3","ncbi.public,s3.us-east-1,gs.US",SRX6640156,Illumina HiSeq X Ten,PAIRED,cDNA,TRANSCRIPTOMIC,Homo sapiens,ILLUMINA,2020-04-15T00:00:00Z,Fetal-Intestine1,fetal-intestine-1,female,SRP214806,Intestine,12-week-old,Guoji Guo lab,Human,Human.fasta,Abortion,20180316Intestine,,,,,
SRR9887760,RNA-Seq,302,61276499734,PRJNA554845,SAMN12429905,28908749571,ZHEJIANG UNIVERSITY,public,"sra,bam","ncbi,s3,gs","gs.US,s3.us-east-1,ncbi.public",SRX6640104,Illumina HiSeq X Ten,PAIRED,cDNA,TRANSCRIPTOMIC,Homo sapiens,ILLUMINA,2020-04-15T00:00:00Z,Fetal-Intestine2,fetal-intestine-2,female,SRP214806,Intestine,10-week-old,Guoji Guo lab,Human,Human.fasta,Abortion,20180529Intestine,,,,,
SRR9887759,RNA-Seq,302,35537091980,PRJNA554845,SAMN12429906,16210447041,ZHEJIANG UNIVERSITY,public,"bam,sra","ncbi,gs,s3","ncbi.public,gs.US,s3.us-east-1",SRX6640105,Illumina HiSeq X Ten,PAIRED,cDNA,TRANSCRIPTOMIC,Homo sapiens,ILLUMINA,2020-04-15T00:00:00Z,Fetal-Intestine3,fetal-intestine-3,male,SRP214806,Intestine,13-week-old,Guoji Guo lab,Human,Human.fasta,Abortion,20180622Intestine,,,,,
SRR9887758,RNA-Seq,302,33779933066,PRJNA554845,SAMN12429907,15913184584,ZHEJIANG UNIVERSITY,public,"sra,bam","gs,s3,ncbi","ncbi.public,s3.us-east-1,gs.US",SRX6640106,Illumina HiSeq X Ten,PAIRED,cDNA,TRANSCRIPTOMIC,Homo sapiens,ILLUMINA,2020-04-15T00:00:00Z,Fetal-Intestine4,fetal-intestine-4,female,SRP214806,Intestine,11-week-old,Guoji Guo lab,Human,Human.fasta,Abortion,20190531Intestine4,,,,,
SRR9887757,RNA-Seq,300,20364171000,PRJNA554845,SAMN12429908,9631682359,ZHEJIANG UNIVERSITY,public,"bam,sra","ncbi,s3,gs","ncbi.public,s3.us-east-1,gs.US",SRX6640107,Illumina HiSeq X Ten,PAIRED,cDNA,TRANSCRIPTOMIC,Homo sapiens,ILLUMINA,2020-04-15T00:00:00Z,Fetal-Intestine5,fetal-intestine-5,male,SRP214806,Intestine,12-week-old,Guoji Guo lab,Human,Human.fasta,Abortion,20190524Intestine5,,,,,
SRR9843410,RNA-Seq,300,20995316100,PRJNA554845,SAMN12371069,9455688981,GEO,public,"sra,bam","ncbi,s3,gs","gs.US,ncbi.public,s3.us-east-1",SRX6598091,Illumina HiSeq X Ten,PAIRED,cDNA,TRANSCRIPTOMIC,Homo sapiens,ILLUMINA,2020-02-20T00:00:00Z,GSM3980125,adult-intestine-1,female,SRP214806,Intestine,47-year-old,,,,,,,GSM3980125,Microwell-seq analysis,,
SRR9843416,RNA-Seq,300,23335635000,PRJNA554845,SAMN12371062,10696664040,GEO,public,"sra,bam","ncbi,s3,gs","s3.us-east-1,gs.US,ncbi.public",SRX6598097,Illumina HiSeq X Ten,PAIRED,cDNA,TRANSCRIPTOMIC,Homo sapiens,ILLUMINA,2020-02-20T00:00:00Z,GSM3980131,adult-intestine-2,male,SRP214806,Intestine,52-year-old,,,,,,,GSM3980131,Microwell-seq analysis,,
SRR9843417,RNA-Seq,300,33929630700,PRJNA554845,SAMN12371061,15560012912,GEO,public,"sra,bam","ncbi,gs,s3","gs.US,s3.us-east-1,ncbi.public",SRX6598098,Illumina HiSeq X Ten,PAIRED,cDNA,TRANSCRIPTOMIC,Homo sapiens,ILLUMINA,2020-02-20T00:00:00Z,GSM3980132,adult-intestine-3,female,SRP214806,Intestine,47-year-old,,,,,,,GSM3980132,Microwell-seq analysis,,
SRR9843419,RNA-Seq,302,33214024024,PRJNA554845,SAMN12371058,15529652989,GEO,public,"sra,bam","ncbi,s3,gs","gs.US,s3.us-east-1,ncbi.public",SRX6598100,Illumina HiSeq X Ten,PAIRED,cDNA,TRANSCRIPTOMIC,Homo sapiens,ILLUMINA,2020-02-20T00:00:00Z,GSM3980134,adult-intestine-4,male,SRP214806,Intestine,56-year-old,,,,,,,GSM3980134,Microwell-seq analysis,,
SRR9843425,RNA-Seq,300,28424888700,PRJNA554845,SAMN12371051,13113962192,GEO,public,"bam,sra","gs,s3,ncbi","gs.US,ncbi.public,s3.us-east-1",SRX6598106,Illumina HiSeq X Ten,PAIRED,cDNA,TRANSCRIPTOMIC,Homo sapiens,ILLUMINA,2020-02-20T00:00:00Z,GSM3980140,adult-intestine-5,male,SRP214806,Intestine,41-year-old,,,,,,,GSM3980140,Microwell-seq analysis,,
SRR9843426,RNA-Seq,302,36941648982,PRJNA554845,SAMN12371050,17715124106,GEO,public,"bam,sra","gs,ncbi,s3","s3.us-east-1,ncbi.public,gs.US",SRX6598107,Illumina HiSeq X Ten,PAIRED,cDNA,TRANSCRIPTOMIC,Homo sapiens,ILLUMINA,2020-02-20T00:00:00Z,GSM3980141,adult-intestine-6,male,SRP214806,Intestine,64-year-old,,,,,,,GSM3980141,Microwell-seq analysis,,
SRR9887751,RNA-Seq,302,12915357368,PRJNA554845,SAMN12429932,6070022078,ZHEJIANG UNIVERSITY,public,"sra,bam","ncbi,s3,gs","ncbi.public,s3.us-east-1,gs.US",SRX6640113,Illumina HiSeq X Ten,PAIRED,cDNA,TRANSCRIPTOMIC,Homo sapiens,ILLUMINA,2020-04-15T00:00:00Z,iPS,ips-1,male,SRP214806,iPS,None,Guoji Guo lab,Human,Human.fasta,"Male (Han population)\,cells from urine",201807iPS,,,,,iPS
SRR9887775,RNA-Seq,300,64937721900,PRJNA554845,SAMN12429835,31276807584,ZHEJIANG UNIVERSITY,public,"bam,sra","s3,gs,ncbi","s3.us-east-1,gs.US,ncbi.public",SRX6640089,Illumina HiSeq X Ten,PAIRED,cDNA,TRANSCRIPTOMIC,Homo sapiens,ILLUMINA,2020-04-15T00:00:00Z,Adult-Kidney2,adult-kidney-2,male,SRP214806,Kidney,66-year-old,Guoji Guo lab,Human,Human.fasta,Living donor,20180613Kidney,,,,,
SRR9887774,RNA-Seq,300,85373951774,PRJNA554845,SAMN12429836,39695771669,ZHEJIANG UNIVERSITY,public,"bam,sra","ncbi,s3,gs","s3.us-east-1,ncbi.public,gs.US",SRX6640090,Illumina HiSeq X Ten,PAIRED,cDNA,TRANSCRIPTOMIC,Homo sapiens,ILLUMINA,2020-04-15T00:00:00Z,Adult-Kidney3,adult-kidney-3,male,SRP214806,Kidney,41-year-old,Guoji Guo lab,Human,Human.fasta,Spontaneous brain hemorrhage,20180709Kidney,,,,,
SRR9887773,RNA-Seq,300,15205206600,PRJNA554845,SAMN12429837,7430024304,ZHEJIANG UNIVERSITY,public,"sra,bam","ncbi,s3,gs","ncbi.public,gs.US,s3.us-east-1",SRX6640091,Illumina HiSeq X Ten,PAIRED,cDNA,TRANSCRIPTOMIC,Homo sapiens,ILLUMINA,2020-04-15T00:00:00Z,Adult-Kidney4-1,adult-kidney-4.1,male,SRP214806,Kidney,57-year-old,Guoji Guo lab,Human,Human.fasta,Operation,20190425Kidney4-1,biological replicate 1,,,,
SRR9887772,RNA-Seq,300,10617869700,PRJNA554845,SAMN12429838,5228523351,ZHEJIANG UNIVERSITY,public,"bam,sra","ncbi,s3,gs","ncbi.public,gs.US,s3.us-east-1",SRX6640092,Illumina HiSeq X Ten,PAIRED,cDNA,TRANSCRIPTOMIC,Homo sapiens,ILLUMINA,2020-04-15T00:00:00Z,Adult-Kidney4-2,adult-kidney-4.2,male,SRP214806,Kidney,57-year-old,Guoji Guo lab,Human,Human.fasta,Operation,20190425Kidney4-2,biological replicate 2,,,,
SRR9887764,RNA-Seq,302,30325504254,PRJNA554845,SAMN12429909,13923899269,ZHEJIANG UNIVERSITY,public,"sra,bam","s3,gs,ncbi","gs.US,ncbi.public,s3.us-east-1",SRX6640100,Illumina HiSeq X Ten,PAIRED,cDNA,TRANSCRIPTOMIC,Homo sapiens,ILLUMINA,2020-04-15T00:00:00Z,Fetal-Kidney3,fetal-kidney-3,male,SRP214806,Kidney,13-week-old,Guoji Guo lab,Human,Human.fasta,Abortion,20180622Kidney,,,,,
SRR9887763,RNA-Seq,300,27681407700,PRJNA554845,SAMN12429910,12858137468,ZHEJIANG UNIVERSITY,public,"bam,sra","ncbi,s3,gs","ncbi.public,s3.us-east-1,gs.US",SRX6640101,Illumina HiSeq X Ten,PAIRED,cDNA,TRANSCRIPTOMIC,Homo sapiens,ILLUMINA,2020-04-15T00:00:00Z,Fetal-Kidney4,fetal-kidney-4,male,SRP214806,Kidney,11-week-old,Guoji Guo lab,Human,Human.fasta,Abortion,20180706Kidney4,,,,,
SRR9887762,RNA-Seq,302,30989975526,PRJNA554845,SAMN12429911,14578275183,ZHEJIANG UNIVERSITY,public,"bam,sra","ncbi,s3,gs","s3.us-east-1,gs.US,ncbi.public",SRX6640102,Illumina HiSeq X Ten,PAIRED,cDNA,TRANSCRIPTOMIC,Homo sapiens,ILLUMINA,2020-04-15T00:00:00Z,Fetal-Kidney5,fetal-kidney-5,male,SRP214806,Kidney,12-week-old,Guoji Guo lab,Human,Human.fasta,Abortion,20180706Kidney5,,,,,
SRR9887761,RNA-Seq,302,31837512252,PRJNA554845,SAMN12429912,14982163968,ZHEJIANG UNIVERSITY,public,"bam,sra","s3,ncbi,gs","gs.US,ncbi.public,s3.us-east-1",SRX6640103,Illumina HiSeq X Ten,PAIRED,cDNA,TRANSCRIPTOMIC,Homo sapiens,ILLUMINA,2020-04-15T00:00:00Z,Fetal-Kidney6,fetal-kidney-6,female,SRP214806,Kidney,11-week-old,Guoji Guo lab,Human,Human.fasta,Abortion,20190531Kidney6,,,,,
SRR9887700,RNA-Seq,300,18222840000,PRJNA554845,SAMN12429839,7855408580,ZHEJIANG UNIVERSITY,public,"sra,bam","ncbi,s3,gs","gs.US,s3.us-east-1,ncbi.public",SRX6640163,Illumina HiSeq X Ten,PAIRED,cDNA,TRANSCRIPTOMIC,Homo sapiens,ILLUMINA,2020-04-15T00:00:00Z,Adult-Liver1-1,adult-liver-1.1,female,SRP214806,Liver,21-year-old,Guoji Guo lab,Human,Human.fasta,Traumatic brain injury,20180419Liver-1,biological replicate 1,,,,
SRR9887699,RNA-Seq,300,30113817300,PRJNA554845,SAMN12429840,13151855055,ZHEJIANG UNIVERSITY,public,"sra,bam","gs,s3,ncbi","ncbi.public,gs.US,s3.us-east-1",SRX6640164,Illumina HiSeq X Ten,PAIRED,cDNA,TRANSCRIPTOMIC,Homo sapiens,ILLUMINA,2020-04-15T00:00:00Z,Adult-Liver1-2,adult-liver-1.2,female,SRP214806,Liver,22-year-old,Guoji Guo lab,Human,Human.fasta,Traumatic brain injury,20180419Liver-2,biological replicate 2,,,,
SRR9887698,RNA-Seq,302,63777430892,PRJNA554845,SAMN12429841,30531358449,ZHEJIANG UNIVERSITY,public,"sra,bam","gs,s3,ncbi","ncbi.public,s3.us-east-1,gs.US",SRX6640165,Illumina HiSeq X Ten,PAIRED,cDNA,TRANSCRIPTOMIC,Homo sapiens,ILLUMINA,2020-04-15T00:00:00Z,Adult-Liver2,adult-liver-2,male,SRP214806,Liver,52-year-old,Guoji Guo lab,Human,Human.fasta,Living donor,20180528Liver,,,,,
SRR9887697,RNA-Seq,300,31325741100,PRJNA554845,SAMN12429842,14908821514,ZHEJIANG UNIVERSITY,public,"sra,bam","gs,ncbi,s3","s3.us-east-1,gs.US,ncbi.public",SRX6640166,Illumina HiSeq X Ten,PAIRED,cDNA,TRANSCRIPTOMIC,Homo sapiens,ILLUMINA,2020-04-15T00:00:00Z,Adult-Liver4-1,adult-liver-4.1,female,SRP214806,Liver,23-year-old,Guoji Guo lab,Human,Human.fasta,Living donor,20180613Liver-1,biological replicate 1,,,,
SRR9887696,RNA-Seq,300,19412777700,PRJNA554845,SAMN12429843,9597384854,ZHEJIANG UNIVERSITY,public,"sra,bam","s3,gs,ncbi","s3.us-east-1,gs.US,ncbi.public",SRX6640167,Illumina HiSeq X Ten,PAIRED,cDNA,TRANSCRIPTOMIC,Homo sapiens,ILLUMINA,2020-04-15T00:00:00Z,Adult-Liver4-2,adult-liver-4.2,female,SRP214806,Liver,24-year-old,Guoji Guo lab,Human,Human.fasta,Living donor,20180613Liver-2,biological replicate 2,,,,
SRR9887766,RNA-Seq,302,34527858414,PRJNA554845,SAMN12429913,15989467628,ZHEJIANG UNIVERSITY,public,"sra,bam","s3,gs,ncbi","ncbi.public,s3.us-east-1,gs.US",SRX6640098,Illumina HiSeq X Ten,PAIRED,cDNA,TRANSCRIPTOMIC,Homo sapiens,ILLUMINA,2020-04-15T00:00:00Z,Fetal-Liver1-1,fetal-liver-1.1,female,SRP214806,Liver,26-week-old,Guoji Guo lab,Human,Human.fasta,Abortion,20171029Liver-1,biological replicate 1,,,,
SRR9887765,RNA-Seq,302,45416473548,PRJNA554845,SAMN12429914,21095248615,ZHEJIANG UNIVERSITY,public,"sra,bam","s3,ncbi,gs","gs.US,ncbi.public,s3.us-east-1",SRX6640099,Illumina HiSeq X Ten,PAIRED,cDNA,TRANSCRIPTOMIC,Homo sapiens,ILLUMINA,2020-04-15T00:00:00Z,Fetal-Liver1-2,fetal-liver-1.2,female,SRP214806,Liver,27-week-old,Guoji Guo lab,Human,Human.fasta,Abortion,20171029Liver-2,biological replicate 2,,,,
SRR9887695,RNA-Seq,300,62786339400,PRJNA554845,SAMN12429844,28522390537,ZHEJIANG UNIVERSITY,public,"bam,sra","ncbi,gs,s3","ncbi.public,gs.US,s3.us-east-1",SRX6640168,Illumina HiSeq X Ten,PAIRED,cDNA,TRANSCRIPTOMIC,Homo sapiens,ILLUMINA,2020-04-15T00:00:00Z,Adult-Lung1,adult-lung-1,male,SRP214806,Lung,21-year-old,Guoji Guo lab,Human,Human.fasta,Traffic accident,20180414Lung,,,,,
SRR9887737,RNA-Seq,300,30600042600,PRJNA554845,SAMN12429845,13242012484,ZHEJIANG UNIVERSITY,public,"sra,bam","s3,gs,ncbi","s3.us-east-1,gs.US,ncbi.public",SRX6640127,Illumina HiSeq X Ten,PAIRED,cDNA,TRANSCRIPTOMIC,Homo sapiens,ILLUMINA,2020-04-15T00:00:00Z,Adult-Lung2,adult-lung-2,female,SRP214806,Lung,21-year-old,Guoji Guo lab,Human,Human.fasta,Traumatic brain injury,20180419Lung,,,,,
SRR9887736,RNA-Seq,300,9919115100,PRJNA554845,SAMN12429846,4926760527,ZHEJIANG UNIVERSITY,public,"sra,bam","s3,ncbi,gs","ncbi.public,s3.us-east-1,gs.US",SRX6640128,Illumina HiSeq X Ten,PAIRED,cDNA,TRANSCRIPTOMIC,Homo sapiens,ILLUMINA,2020-04-15T00:00:00Z,Adult-Lung3-1,adult-lung-3.1,female,SRP214806,Lung,49-year-old,Guoji Guo lab,Human,Human.fasta,Operation,20190423Lung3-1,biological replicate 1,,,,
SRR9887739,RNA-Seq,300,12785432400,PRJNA554845,SAMN12429847,6301237974,ZHEJIANG UNIVERSITY,public,"bam,sra","s3,ncbi,gs","gs.US,ncbi.public,s3.us-east-1",SRX6640125,Illumina HiSeq X Ten,PAIRED,cDNA,TRANSCRIPTOMIC,Homo sapiens,ILLUMINA,2020-04-15T00:00:00Z,Adult-Lung3-2,adult-lung-3.2,female,SRP214806,Lung,49-year-old,Guoji Guo lab,Human,Human.fasta,Operation,20190423Lung3-2,biological replicate 2,,,,
SRR9887738,RNA-Seq,300,11335503000,PRJNA554845,SAMN12429848,5648405052,ZHEJIANG UNIVERSITY,public,"bam,sra","s3,gs,ncbi","s3.us-east-1,ncbi.public,gs.US",SRX6640126,Illumina HiSeq X Ten,PAIRED,cDNA,TRANSCRIPTOMIC,Homo sapiens,ILLUMINA,2020-04-15T00:00:00Z,Adult-Lung3-3,adult-lung-3.3,female,SRP214806,Lung,49-year-old,Guoji Guo lab,Human,Human.fasta,Operation,20190423Lung3-3,biological replicate 3,,,,
SRR9887733,RNA-Seq,300,12593079300,PRJNA554845,SAMN12429849,6218446089,ZHEJIANG UNIVERSITY,public,"bam,sra","gs,s3,ncbi","gs.US,ncbi.public,s3.us-east-1",SRX6640131,Illumina HiSeq X Ten,PAIRED,cDNA,TRANSCRIPTOMIC,Homo sapiens,ILLUMINA,2020-04-15T00:00:00Z,Adult-Lung3-4,adult-lung-3.4,female,SRP214806,Lung,49-year-old,Guoji Guo lab,Human,Human.fasta,Operation,20190423Lung3-4,biological replicate 4,,,,
SRR9887704,RNA-Seq,300,63457848000,PRJNA554845,SAMN12429915,29970441134,ZHEJIANG UNIVERSITY,public,"bam,sra","ncbi,gs,s3","gs.US,s3.us-east-1,ncbi.public",SRX6640159,Illumina HiSeq X Ten,PAIRED,cDNA,TRANSCRIPTOMIC,Homo sapiens,ILLUMINA,2020-04-15T00:00:00Z,Fetal-Lung1,fetal-lung-1,female,SRP214806,Lung,12-week-old,Guoji Guo lab,Human,Human.fasta,Abortion,20180316Lung,,,,,
SRR9887705,RNA-Seq,302,34746177234,PRJNA554845,SAMN12429916,16293929745,ZHEJIANG UNIVERSITY,public,"bam,sra","ncbi,s3,gs","ncbi.public,s3.us-east-1,gs.US",SRX6640158,Illumina HiSeq X Ten,PAIRED,cDNA,TRANSCRIPTOMIC,Homo sapiens,ILLUMINA,2020-04-15T00:00:00Z,Fetal-Lung2,fetal-lung-2,female,SRP214806,Lung,11-week-old,Guoji Guo lab,Human,Human.fasta,Abortion,20190531Lung2,,,,,
SRR9887731,RNA-Seq,300,72827585100,PRJNA554845,SAMN12429850,32957368333,ZHEJIANG UNIVERSITY,public,"bam,sra","s3,ncbi,gs","s3.us-east-1,ncbi.public,gs.US",SRX6640132,Illumina HiSeq X Ten,PAIRED,cDNA,TRANSCRIPTOMIC,Homo sapiens,ILLUMINA,2020-04-15T00:00:00Z,Adult-Muscle1,adult-muscle-1,male,SRP214806,Muscle,63-year-old,Guoji Guo lab,Human,Human.fasta,Living donor,20180410Muscle,,,,,
SRR9887771,RNA-Seq,302,48542770904,PRJNA554845,SAMN12429919,22915536944,ZHEJIANG UNIVERSITY,public,"bam,sra","gs,s3,ncbi","s3.us-east-1,gs.US,ncbi.public",SRX6640093,Illumina HiSeq X Ten,PAIRED,cDNA,TRANSCRIPTOMIC,Homo sapiens,ILLUMINA,2020-04-15T00:00:00Z,Fetal-Muscle1,fetal-muscle-1,male,SRP214806,Muscle,12-week-old,Guoji Guo lab,Human,Human.fasta,Abortion,20180529Muscle,,,,,
SRR9887735,RNA-Seq,302,32080966230,PRJNA554845,SAMN12429851,15107978610,ZHEJIANG UNIVERSITY,public,"bam,sra","ncbi,s3,gs","s3.us-east-1,gs.US,ncbi.public",SRX6640129,Illumina HiSeq X Ten,PAIRED,cDNA,TRANSCRIPTOMIC,Homo sapiens,ILLUMINA,2020-04-15T00:00:00Z,Adult-Omentum2,adult-omentum-2,male,SRP214806,Omentum,41-year-old,Guoji Guo lab,Human,Human.fasta,Spontaneous brain hemorrhage,20180709Omentum,,,,,
SRR9887734,RNA-Seq,302,33319175290,PRJNA554845,SAMN12429852,15632621734,ZHEJIANG UNIVERSITY,public,"bam,sra","ncbi,gs,s3","s3.us-east-1,gs.US,ncbi.public",SRX6640130,Illumina HiSeq X Ten,PAIRED,cDNA,TRANSCRIPTOMIC,Homo sapiens,ILLUMINA,2020-04-15T00:00:00Z,Adult-Omentum3,adult-omentum-3,male,SRP214806,Omentum,56-year-old,Guoji Guo lab,Human,Human.fasta,Operation,20190429Omentum,,,,,
SRR9887741,RNA-Seq,300,24890522100,PRJNA554845,SAMN12429853,11051371624,ZHEJIANG UNIVERSITY,public,"sra,bam","s3,ncbi,gs","gs.US,ncbi.public,s3.us-east-1",SRX6640123,Illumina HiSeq X Ten,PAIRED,cDNA,TRANSCRIPTOMIC,Homo sapiens,ILLUMINA,2020-04-15T00:00:00Z,Adult-Pancreas1,adult-pancreas-1,female,SRP214806,Pancreas,43-year-old,Guoji Guo lab,Human,Human.fasta,Traumatic brain injury,20180427Pancreas,,,,,
SRR9887701,RNA-Seq,302,42390343854,PRJNA554845,SAMN12429920,19555755677,ZHEJIANG UNIVERSITY,public,"bam,sra","gs,ncbi,s3","ncbi.public,s3.us-east-1,gs.US",SRX6640162,Illumina HiSeq X Ten,PAIRED,cDNA,TRANSCRIPTOMIC,Homo sapiens,ILLUMINA,2020-04-15T00:00:00Z,Fetal-Pancreas1,fetal-pancreas-1,female,SRP214806,Pancreas,26-week-old,Guoji Guo lab,Human,Human.fasta,Abortion,20171029Pancreas,sample1,,,,
SRR9887769,RNA-Seq,302,28802324672,PRJNA554845,SAMN12429921,14062682250,ZHEJIANG UNIVERSITY,public,"bam,sra","ncbi,s3,gs","s3.us-east-1,ncbi.public,gs.US",SRX6640095,Illumina HiSeq X Ten,PAIRED,cDNA,TRANSCRIPTOMIC,Homo sapiens,ILLUMINA,2020-04-15T00:00:00Z,Fetal-Pancreas2,fetal-pancreas-2,female,SRP214806,Pancreas,11-week-old,Guoji Guo lab,Human,Human.fasta,Abortion,20180706Pancreas,sample2,,,,
SRR9887770,RNA-Seq,302,29279424574,PRJNA554845,SAMN12429922,13913300575,ZHEJIANG UNIVERSITY,public,"bam,sra","ncbi,s3,gs","ncbi.public,gs.US,s3.us-east-1",SRX6640094,Illumina HiSeq X Ten,PAIRED,cDNA,TRANSCRIPTOMIC,Homo sapiens,ILLUMINA,2020-04-15T00:00:00Z,Fetal-Pancreas3,fetal-pancreas-3,female,SRP214806,Pancreas,11-week-old,Guoji Guo lab,Human,Human.fasta,Abortion,20190531Pancreas3,sample3,,,,
SRR9887740,RNA-Seq,300,17179161900,PRJNA554845,SAMN12429854,8164307976,ZHEJIANG UNIVERSITY,public,"bam,sra","s3,ncbi,gs","gs.US,ncbi.public,s3.us-east-1",SRX6640124,Illumina HiSeq X Ten,PAIRED,cDNA,TRANSCRIPTOMIC,Homo sapiens,ILLUMINA,2020-04-15T00:00:00Z,Adult-Peripheral-Blood1,adult-peripheral-blood-1,male,SRP214806,Peripheral-Blood,34-year-old,Guoji Guo lab,Human,Human.fasta,Living donor,20170512Peripheral-Blood,,,,,
SRR9887687,RNA-Seq,302,1.26289E+11,PRJNA554845,SAMN12429855,58985380867,ZHEJIANG UNIVERSITY,public,"sra,bam","ncbi,s3,gs","s3.us-east-1,gs.US,ncbi.public",SRX6640176,Illumina HiSeq X Ten,PAIRED,cDNA,TRANSCRIPTOMIC,Homo sapiens,ILLUMINA,2020-04-15T00:00:00Z,Adult-Peripheral-Blood2,adult-peripheral-blood-2,male,SRP214806,Peripheral-Blood,30-year-old,Guoji Guo lab,Human,Human.fasta,Living donor,20180727Peripheral-Blood,,,,,
SRR9887688,RNA-Seq,300,24255534900,PRJNA554845,SAMN12429856,11317215828,ZHEJIANG UNIVERSITY,public,"bam,sra","s3,gs,ncbi","gs.US,ncbi.public,s3.us-east-1",SRX6640175,Illumina HiSeq X Ten,PAIRED,cDNA,TRANSCRIPTOMIC,Homo sapiens,ILLUMINA,2020-04-15T00:00:00Z,Adult-Peripheral-Blood3-1,adult-peripheral-blood-3.1,male,SRP214806,Peripheral-Blood,27-year-old,Guoji Guo lab,Human,Human.fasta,Healthy donor,20190423Peripheral-Blood3-1,biological replicate 1,,,,
SRR9887689,RNA-Seq,300,20880882000,PRJNA554845,SAMN12429857,9748158278,ZHEJIANG UNIVERSITY,public,"sra,bam","s3,ncbi,gs","gs.US,s3.us-east-1,ncbi.public",SRX6640174,Illumina HiSeq X Ten,PAIRED,cDNA,TRANSCRIPTOMIC,Homo sapiens,ILLUMINA,2020-04-15T00:00:00Z,Adult-Peripheral-Blood3-2,adult-peripheral-blood-3.2,male,SRP214806,Peripheral-Blood,27-year-old,Guoji Guo lab,Human,Human.fasta,Healthy donor,20190423Peripheral-Blood3-2,biological replicate 2,,,,
SRR9887690,RNA-Seq,300,28008203700,PRJNA554845,SAMN12429858,13195446217,ZHEJIANG UNIVERSITY,public,"bam,sra","ncbi,gs,s3","ncbi.public,s3.us-east-1,gs.US",SRX6640173,Illumina HiSeq X Ten,PAIRED,cDNA,TRANSCRIPTOMIC,Homo sapiens,ILLUMINA,2020-04-15T00:00:00Z,Adult-Peripheral-Blood4-1,adult-peripheral-blood-4.1,male,SRP214806,Peripheral-Blood,25-year-old,Guoji Guo lab,Human,Human.fasta,Healthy donor,20190515Peripheral-Blood4-1,biological replicate 1,,,,
SRR9887691,RNA-Seq,300,27498043800,PRJNA554845,SAMN12429859,12869668630,ZHEJIANG UNIVERSITY,public,"sra,bam","gs,ncbi,s3","ncbi.public,s3.us-east-1,gs.US",SRX6640172,Illumina HiSeq X Ten,PAIRED,cDNA,TRANSCRIPTOMIC,Homo sapiens,ILLUMINA,2020-04-15T00:00:00Z,Adult-Peripheral-Blood4-2,adult-peripheral-blood-4.2,male,SRP214806,Peripheral-Blood,25-year-old,Guoji Guo lab,Human,Human.fasta,Healthy donor,20190515Peripheral-Blood4-2,biological replicate 2,,,,
SRR9887692,RNA-Seq,300,21231099000,PRJNA554845,SAMN12429860,9903033725,ZHEJIANG UNIVERSITY,public,"bam,sra","s3,ncbi,gs","ncbi.public,gs.US,s3.us-east-1",SRX6640171,Illumina HiSeq X Ten,PAIRED,cDNA,TRANSCRIPTOMIC,Homo sapiens,ILLUMINA,2020-04-15T00:00:00Z,Adult-Peripheral-Blood4-3,adult-peripheral-blood-4.3,male,SRP214806,Peripheral-Blood,25-year-old,Guoji Guo lab,Human,Human.fasta,Healthy donor,20190515Peripheral-Blood4-3,biological replicate 3,,,,
SRR9887748,RNA-Seq,302,69290627528,PRJNA554845,SAMN12429938,33536519943,ZHEJIANG UNIVERSITY,public,"sra,bam","s3,gs,ncbi","ncbi.public,gs.US,s3.us-east-1",SRX6640116,Illumina HiSeq X Ten,PAIRED,cDNA,TRANSCRIPTOMIC,Homo sapiens,ILLUMINA,2020-04-15T00:00:00Z,Placenta1,placenta-1,Not determined,SRP214806,Placenta,10-week-old,Guoji Guo lab,Human,Human.fasta,Abortion,20180831Placenta,,,,,
SRR9887693,RNA-Seq,302,73996955060,PRJNA554845,SAMN12429861,34712442856,ZHEJIANG UNIVERSITY,public,"sra,bam","s3,gs,ncbi","gs.US,ncbi.public,s3.us-east-1",SRX6640170,Illumina HiSeq X Ten,PAIRED,cDNA,TRANSCRIPTOMIC,Homo sapiens,ILLUMINA,2020-04-15T00:00:00Z,Adult-Pleura1,adult-pleura-1,male,SRP214806,Pleura,46-year-old,Guoji Guo lab,Human,Human.fasta,Cerebral hemorrhage,20180717Pleura,,,,,
SRR9887694,RNA-Seq,300,20537969400,PRJNA554845,SAMN12429862,9251519136,ZHEJIANG UNIVERSITY,public,"bam,sra","s3,gs,ncbi","ncbi.public,gs.US,s3.us-east-1",SRX6640169,Illumina HiSeq X Ten,PAIRED,cDNA,TRANSCRIPTOMIC,Homo sapiens,ILLUMINA,2020-04-15T00:00:00Z,Adult-Prostate1,adult-prostate-1,male,SRP214806,Prostate,45-year-old,Guoji Guo lab,Human,Human.fasta,Respiratory failure,20180508Prostate,,,,,
SRR9887767,RNA-Seq,302,62278018710,PRJNA554845,SAMN12429923,29408741113,ZHEJIANG UNIVERSITY,public,"bam,sra","gs,s3,ncbi","gs.US,s3.us-east-1,ncbi.public",SRX6640097,Illumina HiSeq X Ten,PAIRED,cDNA,TRANSCRIPTOMIC,Homo sapiens,ILLUMINA,2020-04-15T00:00:00Z,Fetal-Rib2,fetal-rib-2,male,SRP214806,Rib,10-week-old,Guoji Guo lab,Human,Human.fasta,Abortion,20180529Rib,,,,,
SRR9887768,RNA-Seq,302,71153347220,PRJNA554845,SAMN12429924,32211720402,ZHEJIANG UNIVERSITY,public,"bam,sra","ncbi,s3,gs","s3.us-east-1,gs.US,ncbi.public",SRX6640096,Illumina HiSeq X Ten,PAIRED,cDNA,TRANSCRIPTOMIC,Homo sapiens,ILLUMINA,2020-04-15T00:00:00Z,Fetal-Rib3,fetal-rib-3,male,SRP214806,Rib,13-week-old,Guoji Guo lab,Human,Human.fasta,Abortion,20180622Rib,,,,,
SRR9887754,RNA-Seq,300,77297391900,PRJNA554845,SAMN12429925,34853426439,ZHEJIANG UNIVERSITY,public,"sra,bam","gs,ncbi,s3","ncbi.public,s3.us-east-1,gs.US",SRX6640110,Illumina HiSeq X Ten,PAIRED,cDNA,TRANSCRIPTOMIC,Homo sapiens,ILLUMINA,2020-04-15T00:00:00Z,Fetal-Skin2,fetal-skin-2,female,SRP214806,Skin,7-week-old,Guoji Guo lab,Human,Human.fasta,Abortion,20180410Skin,,,,,
SRR9887753,RNA-Seq,302,32195781798,PRJNA554845,SAMN12429926,15501048517,ZHEJIANG UNIVERSITY,public,"sra,bam","gs,s3,ncbi","gs.US,ncbi.public,s3.us-east-1",SRX6640111,Illumina HiSeq X Ten,PAIRED,cDNA,TRANSCRIPTOMIC,Homo sapiens,ILLUMINA,2020-04-15T00:00:00Z,Fetal-Skin3,fetal-skin-3,female,SRP214806,Skin,11-week-old,Guoji Guo lab,Human,Human.fasta,Abortion,20190531Skin3,,,,,
SRR9887756,RNA-Seq,302,38307669878,PRJNA554845,SAMN12429927,17371526416,ZHEJIANG UNIVERSITY,public,"sra,bam","gs,s3,ncbi","gs.US,s3.us-east-1,ncbi.public",SRX6640108,Illumina HiSeq X Ten,PAIRED,cDNA,TRANSCRIPTOMIC,Homo sapiens,ILLUMINA,2020-04-15T00:00:00Z,Fetal-Spinal-Cord1,fetal-spinal-cord-1,male,SRP214806,Spinal-Cord,13-week-old,Guoji Guo lab,Human,Human.fasta,Abortion,20180622Spinal-Cord,,,,,
SRR9887674,RNA-Seq,300,50426031900,PRJNA554845,SAMN12429865,23307368834,ZHEJIANG UNIVERSITY,public,"bam,sra","ncbi,s3,gs","gs.US,ncbi.public,s3.us-east-1",SRX6640189,Illumina HiSeq X Ten,PAIRED,cDNA,TRANSCRIPTOMIC,Homo sapiens,ILLUMINA,2020-04-15T00:00:00Z,Adult-Spleen1-1,adult-spleen-1.1,female,SRP214806,Spleen,51-year-old,Guoji Guo lab,Human,Human.fasta,Respiratory failure,20180329Spleen-1,biological replicate 1,,,,
SRR9887673,RNA-Seq,300,49668140400,PRJNA554845,SAMN12429866,22771854917,ZHEJIANG UNIVERSITY,public,"bam,sra","s3,gs,ncbi","s3.us-east-1,ncbi.public,gs.US",SRX6640190,Illumina HiSeq X Ten,PAIRED,cDNA,TRANSCRIPTOMIC,Homo sapiens,ILLUMINA,2020-04-15T00:00:00Z,Adult-Spleen1-2,adult-spleen-1.2,female,SRP214806,Spleen,52-year-old,Guoji Guo lab,Human,Human.fasta,Respiratory failure,20180329Spleen-2,biological replicate 2,,,,
SRR9887672,RNA-Seq,300,23143005600,PRJNA554845,SAMN12429867,10334924438,ZHEJIANG UNIVERSITY,public,"bam,sra","gs,ncbi,s3","s3.us-east-1,gs.US,ncbi.public",SRX6640191,Illumina HiSeq X Ten,PAIRED,cDNA,TRANSCRIPTOMIC,Homo sapiens,ILLUMINA,2020-04-15T00:00:00Z,Adult-Stomach1,adult-stomach-1,male,SRP214806,Stomach,45-year-old,Guoji Guo lab,Human,Human.fasta,Respiratory failure,20180508Stomach,,,,,
SRR9887671,RNA-Seq,302,68321801562,PRJNA554845,SAMN12429868,31757466307,ZHEJIANG UNIVERSITY,public,"bam,sra","s3,gs,ncbi","ncbi.public,s3.us-east-1,gs.US",SRX6640192,Illumina HiSeq X Ten,PAIRED,cDNA,TRANSCRIPTOMIC,Homo sapiens,ILLUMINA,2020-04-15T00:00:00Z,Adult-Stomach2,adult-stomach-2,male,SRP214806,Stomach,59-year-old,Guoji Guo lab,Human,Human.fasta,Living donor,'20180730Stomach,,,,,
SRR9887732,RNA-Seq,300,17656510800,PRJNA554845,SAMN12429869,8508091000,ZHEJIANG UNIVERSITY,public,"sra,bam","ncbi,gs,s3","s3.us-east-1,gs.US,ncbi.public",SRX6640193,Illumina HiSeq X Ten,PAIRED,cDNA,TRANSCRIPTOMIC,Homo sapiens,ILLUMINA,2020-04-15T00:00:00Z,Adult-Stomach3-1,adult-stomach-3.1,male,SRP214806,Stomach,62-year-old,Guoji Guo lab,Human,Human.fasta,Operation,20190425Stomach3-1,biological replicate 1,,,,
SRR9887730,RNA-Seq,300,19469966400,PRJNA554845,SAMN12429870,9284731455,ZHEJIANG UNIVERSITY,public,"sra,bam","gs,s3,ncbi","s3.us-east-1,ncbi.public,gs.US",SRX6640133,Illumina HiSeq X Ten,PAIRED,cDNA,TRANSCRIPTOMIC,Homo sapiens,ILLUMINA,2020-04-15T00:00:00Z,Adult-Stomach3-2,adult-stomach-3.2,male,SRP214806,Stomach,62-year-old,Guoji Guo lab,Human,Human.fasta,Operation,20190425Stomach3-2,biological replicate 2,,,,
SRR9887729,RNA-Seq,300,21608994000,PRJNA554845,SAMN12429871,10146464800,ZHEJIANG UNIVERSITY,public,"sra,bam","ncbi,s3,gs","s3.us-east-1,gs.US,ncbi.public",SRX6640134,Illumina HiSeq X Ten,PAIRED,cDNA,TRANSCRIPTOMIC,Homo sapiens,ILLUMINA,2020-04-15T00:00:00Z,Adult-Stomach3-3,adult-stomach-3.3,male,SRP214806,Stomach,62-year-old,Guoji Guo lab,Human,Human.fasta,Operation,20190425Stomach3-3,biological replicate 3,,,,
SRR9887755,RNA-Seq,300,56120202600,PRJNA554845,SAMN12429928,25862446837,ZHEJIANG UNIVERSITY,public,"bam,sra","gs,ncbi,s3","s3.us-east-1,gs.US,ncbi.public",SRX6640109,Illumina HiSeq X Ten,PAIRED,cDNA,TRANSCRIPTOMIC,Homo sapiens,ILLUMINA,2020-04-15T00:00:00Z,Fetal-Stomach1,fetal-stomach-1,female,SRP214806,Stomach,7-week-old,Guoji Guo lab,Human,Human.fasta,Abortion,20180410Stomach,,,,,
SRR9887750,RNA-Seq,302,35222785782,PRJNA554845,SAMN12429929,16917970193,ZHEJIANG UNIVERSITY,public,"bam,sra","s3,ncbi,gs","gs.US,ncbi.public,s3.us-east-1",SRX6640114,Illumina HiSeq X Ten,PAIRED,cDNA,TRANSCRIPTOMIC,Homo sapiens,ILLUMINA,2020-04-15T00:00:00Z,Fetal-Stomach2,fetal-stomach-2,female,SRP214806,Stomach,11-week-old,Guoji Guo lab,Human,Human.fasta,Abortion,20190531Stomach2,,,,,
SRR9887749,RNA-Seq,302,27092611468,PRJNA554845,SAMN12429930,13058289343,ZHEJIANG UNIVERSITY,public,"bam,sra","s3,gs,ncbi","gs.US,ncbi.public,s3.us-east-1",SRX6640115,Illumina HiSeq X Ten,PAIRED,cDNA,TRANSCRIPTOMIC,Homo sapiens,ILLUMINA,2020-04-15T00:00:00Z,Fetal-Thymus1,fetal-thymus-1,female,SRP214806,Thymus,12-week-old,Guoji Guo lab,Human,Human.fasta,Abortion,20180724Thymus1,,,,,
SRR9887752,RNA-Seq,302,25820582032,PRJNA554845,SAMN12429931,12399570249,ZHEJIANG UNIVERSITY,public,"sra,bam","ncbi,gs,s3","s3.us-east-1,gs.US,ncbi.public",SRX6640112,Illumina HiSeq X Ten,PAIRED,cDNA,TRANSCRIPTOMIC,Homo sapiens,ILLUMINA,2020-04-15T00:00:00Z,Fetal-Thymus2,fetal-thymus-2,male,SRP214806,Thymus,10-week-old,Guoji Guo lab,Human,Human.fasta,Abortion,20180724Thymus2,,,,,
SRR9887679,RNA-Seq,300,55520968500,PRJNA554845,SAMN12429875,26197775398,ZHEJIANG UNIVERSITY,public,"bam,sra","s3,gs,ncbi","gs.US,ncbi.public,s3.us-east-1",SRX6640184,Illumina HiSeq X Ten,PAIRED,cDNA,TRANSCRIPTOMIC,Homo sapiens,ILLUMINA,2020-04-15T00:00:00Z,Adult-Thyroid1,adult-thyroid-1,female,SRP214806,Thyroid,57-year-old,Guoji Guo lab,Human,Human.fasta,Living donor,20180705Thyroid,,,,,
SRR9887680,RNA-Seq,302,66961734294,PRJNA554845,SAMN12429876,31022450385,ZHEJIANG UNIVERSITY,public,"sra,bam","gs,s3,ncbi","s3.us-east-1,gs.US,ncbi.public",SRX6640183,Illumina HiSeq X Ten,PAIRED,cDNA,TRANSCRIPTOMIC,Homo sapiens,ILLUMINA,2020-04-15T00:00:00Z,Adult-Thyroid2,adult-thyroid-2,female,SRP214806,Thyroid,61-year-old,Guoji Guo lab,Human,Human.fasta,Living donor,20180713Thyroid,,,,,
SRR9887677,RNA-Seq,302,72710125812,PRJNA554845,SAMN12429877,33773752246,ZHEJIANG UNIVERSITY,public,"sra,bam","gs,s3,ncbi","gs.US,s3.us-east-1,ncbi.public",SRX6640186,Illumina HiSeq X Ten,PAIRED,cDNA,TRANSCRIPTOMIC,Homo sapiens,ILLUMINA,2020-04-15T00:00:00Z,Adult-Trachea2,adult-trachea-2,male,SRP214806,Trachea,46-year-old,Guoji Guo lab,Human,Human.fasta,Cerebral hemorrhage,20180717Trachea,,,,,
SRR9887681,RNA-Seq,300,13157860200,PRJNA554845,SAMN12429881,5757723254,ZHEJIANG UNIVERSITY,public,"sra,bam","ncbi,s3,gs","gs.US,ncbi.public,s3.us-east-1",SRX6640182,Illumina HiSeq X Ten,PAIRED,cDNA,TRANSCRIPTOMIC,Homo sapiens,ILLUMINA,2020-04-15T00:00:00Z,Adult-Ureter1,adult-ureter-1,female,SRP214806,Ureter,49-year-old,Guoji Guo lab,Human,Human.fasta,Living donor,20180424Ureter,,,,,
SRR9887682,RNA-Seq,302,28674742356,PRJNA554845,SAMN12429882,13451526000,ZHEJIANG UNIVERSITY,public,"bam,sra","s3,ncbi,gs","gs.US,s3.us-east-1,ncbi.public",SRX6640181,Illumina HiSeq X Ten,PAIRED,cDNA,TRANSCRIPTOMIC,Homo sapiens,ILLUMINA,2020-04-15T00:00:00Z,Adult-Uterus1,adult-uterus-1,female,SRP214806,Uterus,52-year-old,Guoji Guo lab,Human,Human.fasta,Living donor,20180716Uterus,,,,,